"google_maps_link","visited","best_time_of_day_to_visit","best_time_of_year_to_visit","rating"
"https://www.google.com/maps/place/Finger+Lakes+State+Park/@39.0871434,-92.3218859,17z/data=!3m1!4b1!4m9!1m3!11m2!2s4wqcAsHvNUhImW3yFICJ_IbwLYq94g!3e3!3m4!1s0x87dccf9e48f4cef1:0x271b68b33df3d6f9!8m2!3d39.0871434!4d-92.3196972","false","","",""
"https://www.google.com/maps/place/Stephens+Lake+Park/@38.9508524,-92.3079759,17z/data=!3m1!4b1!4m9!1m3!11m2!2s4wqcAsHvNUhImW3yFICJ_IbwLYq94g!3e3!3m4!1s0x87dcb7f692365743:0xa90920e4da55de6c!8m2!3d38.9508524!4d-92.3057872","false","","","4"
"https://www.google.com/maps/place/Shelter+Gardens/@38.9565118,-92.3703378,17z/data=!3m1!4b1!4m9!1m3!11m2!2s4wqcAsHvNUhImW3yFICJ_IbwLYq94g!3e3!3m4!1s0x87dcb61bb9d9390f:0xca2634509abf1233!8m2!3d38.9565118!4d-92.3681491","false","","",""
"https://www.google.com/maps/place/Overton+Bottoms+Conservation+Area/@38.9443896,-92.5467455,17z/data=!3m1!4b1!4m9!1m3!11m2!2s4wqcAsHvNUhImW3yFICJ_IbwLYq94g!3e3!3m4!1s0x87c34a349338a093:0xf304d024b4449830!8m2!3d38.9443896!4d-92.5445568","false","","",""
"https://www.google.com/maps/place/The+Pinnacles/@39.13365,-92.3314347,15z/data=!3m1!4b1!4m9!1m3!11m2!2s4wqcAsHvNUhImW3yFICJ_IbwLYq94g!3e3!3m4!1s0x87dcd0202dc6af85:0x871f05c3be1c7aca!8m2!3d39.1336508!4d-92.3226799","false","","","4"
"https://www.google.com/maps/place/The+Burr+Oak+Tree/@38.899266,-92.4667527,17z/data=!3m1!4b1!4m9!1m3!11m2!2s4wqcAsHvNUhImW3yFICJ_IbwLYq94g!3e3!3m4!1s0x87c34b35f65196db:0x5c03efe5cfca739b!8m2!3d38.899266!4d-92.464564","false","","","4"
"https://www.google.com/maps/place/Rock+Bridge+Memorial+State+Park/@38.8710185,-92.3173435,17z/data=!3m1!4b1!4m9!1m3!11m2!2s4wqcAsHvNUhImW3yFICJ_IbwLYq94g!3e3!3m4!1s0x87dcb0981ca2c179:0x1abbf27a1d9f3e8e!8m2!3d38.8710185!4d-92.3151548","false","Sunset","","5"
"https://www.google.com/maps/place/Eagle+Bluffs+Conservation+Area,+Columbia,+MO+65203/@38.8531722,-92.4668265,13z/data=!3m1!4b1!4m9!1m3!11m2!2s4wqcAsHvNUhImW3yFICJ_IbwLYq94g!3e3!3m4!1s0x87dcb312192ef0c5:0x45673fd96d6caa1a!8m2!3d38.8527425!4d-92.435696","false","","",""
"https://www.google.com/maps/place/Blue+Spring/@37.1660725,-91.1643914,17z/data=!3m1!4b1!4m9!1m3!11m2!2s4wqcAsHvNUhImW3yFICJ_IbwLYq94g!3e3!3m4!1s0x87d753b261811af1:0x9faa818714a30c30!8m2!3d37.1660705!4d-91.1622008","true","","",""
"https://www.google.com/maps/place/Old+Redings+Mill+Bridge/@37.0209698,-94.5145316,17z/data=!3m1!4b1!4m9!1m3!11m2!2s4wqcAsHvNUhImW3yFICJ_IbwLYq94g!3e3!3m4!1s0x87c864dd19b5121b:0x5e26cd4348fd4417!8m2!3d37.0209698!4d-94.5123429","false","","",""
"https://www.google.com/maps/place/Maramec+Spring+Park/@37.954809,-91.5313397,17z/data=!3m1!4b1!4m9!1m3!11m2!2s4wqcAsHvNUhImW3yFICJ_IbwLYq94g!3e3!3m4!1s0x87da4aa4e69241e1:0xc33e058504f49433!8m2!3d37.954809!4d-91.529151","false","","",""
"https://www.google.com/maps/place/Tiemann+Shut-in/@37.5697213,-90.4698659,15z/data=!3m1!4b1!4m9!1m3!11m2!2s4wqcAsHvNUhImW3yFICJ_IbwLYq94g!3e3!3m4!1s0x87d837436b79e721:0xb25344027d637c42!8m2!3d37.5697222!4d-90.4611111","true","","",""
"https://www.google.com/maps/place/Dogwood+Canyon+Nature+Park/@36.5304863,-93.4639456,17z/data=!3m1!4b1!4m9!1m3!11m2!2s4wqcAsHvNUhImW3yFICJ_IbwLYq94g!3e3!3m4!1s0x87cedeffda93ad7f:0x853102f65e584883!8m2!3d36.5304863!4d-93.4617569","false","","",""
"https://www.google.com/maps/place/Echo+Bluff+State+Park/@37.3158922,-91.4138598,17z/data=!3m1!4b1!4m12!1m3!11m2!2s4wqcAsHvNUhImW3yFICJ_IbwLYq94g!3e3!3m7!1s0x87da09dbb2ca95b1:0x92d34bc52a0d6b3f!5m2!4m1!1i2!8m2!3d37.3158922!4d-91.4116711","true","","",""
"https://www.google.com/maps/place/Dillard+Mill+State+Historic+Site/@37.720756,-91.2089228,17z/data=!3m1!4b1!4m9!1m3!11m2!2s4wqcAsHvNUhImW3yFICJ_IbwLYq94g!3e3!3m4!1s0x87d989f95039bfeb:0x74d1bdc534a8bc63!8m2!3d37.720756!4d-91.2067341","false","","",""
"https://www.google.com/maps/place/Elephant+Rocks+State+Park/@37.6544875,-90.6901806,17z/data=!3m1!4b1!4m9!1m3!11m2!2s4wqcAsHvNUhImW3yFICJ_IbwLYq94g!3e3!3m4!1s0x87d9ca622087df2d:0xc049a6378b7e12eb!8m2!3d37.6544875!4d-90.6879919","false","","",""
"https://www.google.com/maps/place/Castor+River+Shut-Ins/@37.5688737,-90.1516663,17z/data=!3m1!4b1!4m9!1m3!11m2!2s4wqcAsHvNUhImW3yFICJ_IbwLYq94g!3e3!3m4!1s0x87d8120ea48c08d5:0xd2445fcb26dd9bee!8m2!3d37.5688737!4d-90.1494776","false","","",""
"https://www.google.com/maps/place/Alley+Spring,+MO+65466/@37.144215,-91.4527811,15z/data=!3m1!4b1!4m9!1m3!11m2!2s4wqcAsHvNUhImW3yFICJ_IbwLYq94g!3e3!3m4!1s0x87d0a36203599d3b:0xf3720b0664a0eed!8m2!3d37.1442159!4d-91.4440263","true","","",""
"https://www.google.com/maps/place/Mississippi+River+Overlook/@38.622375,-90.1776228,17z/data=!3m1!4b1!4m9!1m3!11m2!2s4wqcAsHvNUhImW3yFICJ_IbwLYq94g!3e3!3m4!1s0x87d8b2efc92120f9:0xa877cb0ab9a5cd40!8m2!3d38.622375!4d-90.1754341","true","","",""
"https://www.google.com/maps/place/Photography+Point/@41.9131037,-87.6233443,17z/data=!3m1!4b1!4m9!1m3!11m2!2sXug01WUWxtzzPYpiaInmaTdL1tOgOw!3e3!3m4!1s0x880fd33b3f25f553:0x49d23a97f363764a!8m2!3d41.9131037!4d-87.6211556","false","","",""
"https://www.google.com/maps/place/Chain+O'Lakes+State+Park/@42.4577458,-88.1915042,17z/data=!3m1!4b1!4m9!1m3!11m2!2sXug01WUWxtzzPYpiaInmaTdL1tOgOw!3e3!3m4!1s0x880f7f37a9de7787:0x4ae624eff02a09d9!8m2!3d42.4577458!4d-88.1893155","false","","",""
"https://www.google.com/maps/place/Shabbona+Lake+State+Park/@41.7456404,-88.8637557,17z/data=!3m1!4b1!4m9!1m3!11m2!2sXug01WUWxtzzPYpiaInmaTdL1tOgOw!3e3!3m4!1s0x8809320319bfda11:0x5a1ca0eb2b9f2c14!8m2!3d41.7456404!4d-88.861567","false","","",""
"https://www.google.com/maps/place/Rock+Cut+State+Park/@42.3549229,-88.9866503,17z/data=!3m1!4b1!4m9!1m3!11m2!2sXug01WUWxtzzPYpiaInmaTdL1tOgOw!3e3!3m4!1s0x8808bb0683e41f09:0xd880cdbb33cb860d!8m2!3d42.3549229!4d-88.9844616","false","","",""
"https://www.google.com/maps/place/Horseshoe+Lake/@38.6897625,-90.1130485,14z/data=!3m1!4b1!4m9!1m3!11m2!2sXug01WUWxtzzPYpiaInmaTdL1tOgOw!3e3!3m4!1s0x87df530b7e51ed41:0xca2c1be43fe847f9!8m2!3d38.7027386!4d-90.0910316","false","","",""
"https://www.google.com/maps/place/Illinois+Beach+State+Park/@42.4236633,-87.8074911,17z/data=!3m1!4b1!4m9!1m3!11m2!2sXug01WUWxtzzPYpiaInmaTdL1tOgOw!3e3!3m4!1s0x880ff39b8df67cdd:0x69baa6e035b89209!8m2!3d42.4236633!4d-87.8053024","false","","",""
"https://www.google.com/maps/place/Lake+Michigan/@39.974482,-109.5195647,5z/data=!4m9!1m3!11m2!2sXug01WUWxtzzPYpiaInmaTdL1tOgOw!3e3!3m4!1s0x881c03702d9fc4e7:0xcf2f867e46ec300b!8m2!3d43.4501005!4d-87.2220187","false","","",""
"https://www.google.com/maps/place/Cache+River+State+Natural+Area/@37.3308755,-88.9424676,17z/data=!3m1!4b1!4m9!1m3!11m2!2sXug01WUWxtzzPYpiaInmaTdL1tOgOw!3e3!3m4!1s0x88775989e1504f1d:0x88677fde7fda7197!8m2!3d37.3308755!4d-88.9402789","false","","",""
"https://www.google.com/maps/place/Mississippi+Palisades+State+Park/@42.1442055,-90.171022,17z/data=!3m1!4b1!4m9!1m3!11m2!2sXug01WUWxtzzPYpiaInmaTdL1tOgOw!3e3!3m4!1s0x87e290cf0876b857:0x4ef0489217083ddc!8m2!3d42.1442055!4d-90.1688333","false","","",""
"https://www.google.com/maps/place/Mississippi+Palisades+State+Park/@42.1442055,-90.171022,17z/data=!3m1!4b1!4m9!1m3!11m2!2sXug01WUWxtzzPYpiaInmaTdL1tOgOw!3e3!3m4!1s0x87e290cf0876b857:0x4ef0489217083ddc!8m2!3d42.1442055!4d-90.1688333","false","","",""
"https://www.google.com/maps/place/Burden+Falls/@37.5636601,-88.6507528,15z/data=!3m1!4b1!4m9!1m3!11m2!2sXug01WUWxtzzPYpiaInmaTdL1tOgOw!3e3!3m4!1s0x8870b75ce61ff6a7:0xce28d50776802405!8m2!3d37.5636609!4d-88.641998","false","","",""
"https://www.google.com/maps/place/Garden+of+the+Gods/@37.6046363,-88.3865571,17z/data=!3m1!4b1!4m9!1m3!11m2!2sXug01WUWxtzzPYpiaInmaTdL1tOgOw!3e3!3m4!1s0x8870931343262073:0x66142566a5d25626!8m2!3d37.6046363!4d-88.3843684","false","","",""
"https://www.google.com/maps/place/Matthiessen+State+Park/@41.2959796,-89.0266363,17z/data=!3m1!4b1!4m9!1m3!11m2!2sXug01WUWxtzzPYpiaInmaTdL1tOgOw!3e3!3m4!1s0x88095f4845218a23:0x1ea2cb74ee45b643!8m2!3d41.2959796!4d-89.0244476","false","","",""
"https://www.google.com/maps/place/Starved+Rock+State+Park/@41.3171445,-88.997357,17z/data=!3m1!4b1!4m9!1m3!11m2!2sXug01WUWxtzzPYpiaInmaTdL1tOgOw!3e3!3m4!1s0x880958fe5fa0bb23:0x4d9df865a94428c4!8m2!3d41.3171445!4d-88.9951683","false","","",""
"https://www.google.com/maps/place/Gateway+Geyser/@38.6874853,-90.4682426,11z/data=!4m9!1m3!11m2!2sBI4FU8rYsESUG1rC72uaP2_znvhLzg!3e3!3m4!1s0x87d8b2eda08a15b9:0x470c26db79935c53!8m2!3d38.622876!4d-90.170619","false","","",""
"https://www.google.com/maps/place/Laumeier+Sculpture+Park/@38.6874853,-90.4682426,11z/data=!4m9!1m3!11m2!2sBI4FU8rYsESUG1rC72uaP2_znvhLzg!3e3!3m4!1s0x87d8ce61915ecb1f:0xc3f1c1ba311a9273!8m2!3d38.5509311!4d-90.4150968","true","","",""
"https://www.google.com/maps/place/Fort+Belle+Fontaine/@38.6874853,-90.4682426,11z/data=!4m9!1m3!11m2!2sBI4FU8rYsESUG1rC72uaP2_znvhLzg!3e3!3m4!1s0x87df4f56533c8fdb:0xcfba39df4b56c4d8!8m2!3d38.821295!4d-90.2175341","false","","",""
"https://www.google.com/maps/place/Old+Chain+of+Rocks+Bridge+Parking/@38.6874853,-90.4682426,11z/data=!4m9!1m3!11m2!2sBI4FU8rYsESUG1rC72uaP2_znvhLzg!3e3!3m4!1s0x87df4f7e4e8fd1cf:0x651b56637776da4c!8m2!3d38.7569693!4d-90.1644065","true","","",""
"https://www.google.com/maps/place/Forest+Park/@38.6874853,-90.4682426,11z/data=!4m9!1m3!11m2!2sBI4FU8rYsESUG1rC72uaP2_znvhLzg!3e3!3m4!1s0x87d8b5469178c4c9:0x9d27c5026db294aa!8m2!3d38.644081!4d-90.283466","true","","",""
"https://www.google.com/maps/place/Citygarden+Sculpture+Park/@38.6874853,-90.4682426,11z/data=!4m9!1m3!11m2!2sBI4FU8rYsESUG1rC72uaP2_znvhLzg!3e3!3m4!1s0x87d8b3197dd7cdf9:0xab91dcb20aeb6124!8m2!3d38.6266804!4d-90.1937073","true","","",""
"https://www.google.com/maps/place/Sunset+Park/@38.8242066,-90.3539741,17z/data=!3m1!4b1!4m9!1m3!11m2!2sBI4FU8rYsESUG1rC72uaP2_znvhLzg!3e3!3m4!1s0x87df39dd7545e3f1:0x88c90fc38cd4d235!8m2!3d38.8242066!4d-90.3517854","false","","",""
"https://www.google.com/maps/place/Creve+Coeur+Lake/@38.7154818,-90.4937859,15z/data=!3m1!4b1!4m9!1m3!11m2!2sBI4FU8rYsESUG1rC72uaP2_znvhLzg!3e3!3m4!1s0x87df2dca7a3cd231:0xbbbdc18bde2553a3!8m2!3d38.7161801!4d-90.4844505","true","Sunrise/Sunset","Any",""
"https://www.google.com/maps/place/Columbia+Bottom+Conservation+Area/@38.8108368,-90.1864005,17z/data=!3m1!4b1!4m9!1m3!11m2!2sBI4FU8rYsESUG1rC72uaP2_znvhLzg!3e3!3m4!1s0x87df4fe37db116dd:0xcd569d432ef3a1ba!8m2!3d38.8108368!4d-90.1842118","false","","",""
"https://www.google.com/maps/place/Shawnee+Mission+Pkwy,+Kansas/@39.0148574,-94.7330408,17z/data=!3m1!4b1!4m9!1m3!11m2!2sPGLaw3m-ai21OgvwSLrAr139evrf_w!3e3!3m4!1s0x87c093035c68f2ab:0x9001b9513f72fc16!8m2!3d39.0148574!4d-94.7308521","false","","",""
"https://www.google.com/maps/place/Haskell+Wetlands/@39.0381216,-95.090448,10z/data=!4m9!1m3!11m2!2sPGLaw3m-ai21OgvwSLrAr139evrf_w!3e3!3m4!1s0x87bf6899441bedbd:0x3410f37325c840!8m2!3d38.9289593!4d-95.2328098","false","","",""
"https://www.google.com/maps/place/J+C+Nichols+Memorial+Fountain/@39.0381216,-95.090448,10z/data=!4m9!1m3!11m2!2sPGLaw3m-ai21OgvwSLrAr139evrf_w!3e3!3m4!1s0x87c0efbf45e1a449:0xdfb837f1c2a628b2!8m2!3d39.0426122!4d-94.5875336","false","","",""
"https://www.google.com/maps/place/K.C.+-+Street+Art+Gallery/@39.0381216,-95.090448,10z/data=!4m9!1m3!11m2!2sPGLaw3m-ai21OgvwSLrAr139evrf_w!3e3!3m4!1s0x87c0f06938241015:0x696943ee612a2e35!8m2!3d39.0919676!4d-94.5786962","false","","",""
"https://www.google.com/maps/place/The+Scout+Statue/@39.0756809,-94.5950059,17z/data=!3m1!4b1!4m9!1m3!11m2!2sPGLaw3m-ai21OgvwSLrAr139evrf_w!3e3!3m4!1s0x87c0f03aa32e8951:0x18c298607e48a05!8m2!3d39.0756809!4d-94.5928172","false","","",""
"https://www.google.com/maps/place/Museum+at+Prairiefire/@38.8819446,-94.6542792,17z/data=!3m1!4b1!4m9!1m3!11m2!2sPGLaw3m-ai21OgvwSLrAr139evrf_w!3e3!3m4!1s0x87c0c1f11cefd039:0x7d10a441ead0e453!8m2!3d38.8819446!4d-94.6520905","false","","",""
"https://www.google.com/maps/place/Henry+Wollman+Bloch+Fountain/@39.083723,-94.5872833,17z/data=!3m1!4b1!4m9!1m3!11m2!2sPGLaw3m-ai21OgvwSLrAr139evrf_w!3e3!3m4!1s0x87c0f03fa25556f3:0x261d838bc0908b67!8m2!3d39.083723!4d-94.5850946","false","","","5"
"https://www.google.com/maps/place/Bass+Pro+Drive+%26+Waterfall+Park+Trail,+Independence,+MO+64055/@39.0381724,-94.39234,17z/data=!4m13!1m7!3m6!1s0x87c11d0cd083c54f:0x84948a9ae6ceda2!2sWaterfall+Park+Trail,+Independence,+MO+64055!3b1!8m2!3d39.0377733!4d-94.3764283!3m4!1s0x87c11d7a7df54369:0x633c513fd2ff65d2!8m2!3d39.0382223!4d-94.3877419","false","","","5"
"https://www.google.com/maps/place/Parkville+Nature+Sanctuary/@39.1949689,-94.6832523,17z/data=!3m1!4b1!4m9!1m3!11m2!2sPGLaw3m-ai21OgvwSLrAr139evrf_w!3e3!3m4!1s0x87c0f5af4d9dadd1:0x9685dac62c084b0d!8m2!3d39.1949689!4d-94.6810636","false","","",""
"https://www.google.com/maps/place/Line+Creek+Double+Waterfalls/@39.200869,-94.6148187,17z/data=!3m1!4b1!4m9!1m3!11m2!2sPGLaw3m-ai21OgvwSLrAr139evrf_w!3e3!3m4!1s0x87c0f72595ea4383:0x21ad5f3a6d14ffc0!8m2!3d39.200869!4d-94.61263?hl=en-US","false","","","5"
"https://www.google.com/maps/place/39%C2%B024'35.5%22N+94%C2%B015'19.8%22W/@39.40985,-94.2576987,17z/data=!3m1!4b1!4m9!1m3!11m2!2sPGLaw3m-ai21OgvwSLrAr139evrf_w!3e3!3m4!1s0x0:0x0!8m2!3d39.40985!4d-94.25551?hl=en-US","false","","","5"
"https://www.google.com/maps/place/Castlewood+Canyon+State+Park/@39.3354632,-104.7474591,17z/data=!3m1!4b1!4m9!1m3!11m2!2svZF8rqyVr1PDvIKJsMftdLWtTCN5QA!3e3!3m4!1s0x876cbe70782828f5:0x7b83e016f4ee4c57!8m2!3d39.3354632!4d-104.7452704","false","","",""
"https://www.google.com/maps/place/Boreas+Pass+Rd,+Colorado/@39.3922219,-105.9616517,17z/data=!3m1!4b1!4m9!1m3!11m2!2svZF8rqyVr1PDvIKJsMftdLWtTCN5QA!3e3!3m4!1s0x876afa9caa4b3193:0x3466474258ff7775!8m2!3d39.3922219!4d-105.959463","false","","",""
"https://www.google.com/maps/place/Rifle+Falls+State+Park/@39.6742208,-107.7014167,17z/data=!3m1!4b1!4m9!1m3!11m2!2svZF8rqyVr1PDvIKJsMftdLWtTCN5QA!3e3!3m4!1s0x8741422405e29863:0xc6d1f55d6102fcbf!8m2!3d39.6742208!4d-107.699228","false","","",""
"https://www.google.com/maps/place/Aiken+Canyon+Preserve/@38.6205092,-104.8903664,17z/data=!3m1!4b1!4m9!1m3!11m2!2svZF8rqyVr1PDvIKJsMftdLWtTCN5QA!3e3!3m4!1s0x8713667c8fcdc25f:0x30fcecd37abaab72!8m2!3d38.6205092!4d-104.8881777","false","","",""
"https://www.google.com/maps/place/Dillon+Reservoir/@39.6059877,-106.0802322,14z/data=!3m1!4b1!4m9!1m3!11m2!2svZF8rqyVr1PDvIKJsMftdLWtTCN5QA!3e3!3m4!1s0x876a5bf671b3d81b:0xf52a4a12a6d3243b!8m2!3d39.6092256!4d-106.0610787","false","","",""
"https://www.google.com/maps/place/Lake+Pueblo+State+Park/@38.2603555,-104.754658,17z/data=!3m1!4b1!4m9!1m3!11m2!2svZF8rqyVr1PDvIKJsMftdLWtTCN5QA!3e3!3m4!1s0x87139978e8762975:0x2cd9ce8d2c33d5de!8m2!3d38.2603555!4d-104.7524693","false","","",""
"https://www.google.com/maps/place/Mount+Zirkel+Wilderness/@40.7449739,-106.6908413,17z/data=!3m1!4b1!4m9!1m3!11m2!2svZF8rqyVr1PDvIKJsMftdLWtTCN5QA!3e3!3m4!1s0x8742864fdc88e427:0xd38008a05a16eec4!8m2!3d40.7449739!4d-106.6886526","false","","",""
"https://www.google.com/maps/place/Twin+Lakes,+CO+81251/@39.0820484,-106.3910348,15z/data=!3m1!4b1!4m9!1m3!11m2!2svZF8rqyVr1PDvIKJsMftdLWtTCN5QA!3e3!3m4!1s0x876aa30b84ae8a71:0x31a5382fd8cb6b8e!8m2!3d39.0820493!4d-106.38228","false","","",""
"https://www.google.com/maps/place/Ouzel+Falls/@40.1988731,-105.6098683,15z/data=!3m1!4b1!4m9!1m3!11m2!2svZF8rqyVr1PDvIKJsMftdLWtTCN5QA!3e3!3m4!1s0x876bd7f368d8b79f:0xa186f110baafa42d!8m2!3d40.198874!4d-105.6011135","false","","",""
"https://www.google.com/maps/place/Arkansas+Headwaters+Recreation+Area/@38.5377575,-105.9945685,17z/data=!3m1!4b1!4m9!1m3!11m2!2svZF8rqyVr1PDvIKJsMftdLWtTCN5QA!3e3!3m4!1s0x871517ef3bb64169:0x5ce7e903be4cd21!8m2!3d38.5377575!4d-105.9923798","false","","",""
"https://www.google.com/maps/place/Fryingpan+River/@38.986771,-107.2466578,8z/data=!4m9!1m3!11m2!2svZF8rqyVr1PDvIKJsMftdLWtTCN5QA!3e3!3m4!1s0x874034ed93a2951b:0xc3e75949d14adb57!8m2!3d39.378356!4d-106.9294179","false","","",""
"https://www.google.com/maps/place/Chicago+Basin+Trail,+Colorado/@37.6066946,-107.6637862,17z/data=!3m1!4b1!4m9!1m3!11m2!2svZF8rqyVr1PDvIKJsMftdLWtTCN5QA!3e3!3m4!1s0x873e9457f55ebb5b:0xc9c2daf5dd322123!8m2!3d37.6066946!4d-107.6615975","false","","",""
"https://www.google.com/maps/place/Guanella+Pass/@39.5949864,-105.7198713,15z/data=!3m1!4b1!4m9!1m3!11m2!2svZF8rqyVr1PDvIKJsMftdLWtTCN5QA!3e3!3m4!1s0x876baa3606f9657f:0x4c8f9bcbab3ab242!8m2!3d39.5949872!4d-105.7111165","false","","",""
"https://www.google.com/maps/place/Cache+la+Poudre+River/@40.427176,-104.8186451,11z/data=!3m1!4b1!4m9!1m3!11m2!2svZF8rqyVr1PDvIKJsMftdLWtTCN5QA!3e3!3m4!1s0x876ea1f63aceeb63:0xad63d669891073a!8m2!3d40.4200786!4d-104.6746635","false","","",""
"https://www.google.com/maps/place/Eagles+Nest+Wilderness/@39.7113745,-106.2524932,17z/data=!3m1!4b1!4m9!1m3!11m2!2svZF8rqyVr1PDvIKJsMftdLWtTCN5QA!3e3!3m4!1s0x876a694c90c4bf0d:0x777e9e95ad79bfe0!8m2!3d39.7113745!4d-106.2503045","false","","",""
"https://www.google.com/maps/place/Lake+San+Cristobal/@37.9692923,-107.3025048,15z/data=!3m1!4b1!4m9!1m3!11m2!2svZF8rqyVr1PDvIKJsMftdLWtTCN5QA!3e3!3m4!1s0x873eff6198d6a0a7:0xc20530a5fd115502!8m2!3d37.975737!4d-107.2888061","false","","",""
"https://www.google.com/maps/place/Golden+Gate+Canyon+State+Park/@39.8414296,-105.4219874,17z/data=!3m1!4b1!4m12!1m3!11m2!2svZF8rqyVr1PDvIKJsMftdLWtTCN5QA!3e3!3m7!1s0x876bbfa961fc9d69:0x539a6b8673b1b84!5m2!4m1!1i2!8m2!3d39.8414296!4d-105.4197987","false","","",""
"https://www.google.com/maps/place/St.+Mary's+Glacier/@39.836168,-105.6487239,18z/data=!3m1!4b1!4m9!1m3!11m2!2svZF8rqyVr1PDvIKJsMftdLWtTCN5QA!3e3!3m4!1s0x876bb6e40f031087:0x78ade1ae1a586b9e!8m2!3d39.8359623!4d-105.6469345","false","","",""
"https://www.google.com/maps/place/Roxborough+State+Park/@39.429625,-105.0713163,17z/data=!3m1!4b1!4m9!1m3!11m2!2svZF8rqyVr1PDvIKJsMftdLWtTCN5QA!3e3!3m4!1s0x876b624459ddc8a1:0xe5c1072f59bc2b96!8m2!3d39.429625!4d-105.0691276","false","","",""
"https://www.google.com/maps/place/Browns+Canyon+National+Monument/@38.6788141,-106.0445793,17z/data=!3m1!4b1!4m9!1m3!11m2!2svZF8rqyVr1PDvIKJsMftdLWtTCN5QA!3e3!3m4!1s0x87153c03dbf37d11:0x30b0ef15431a6668!8m2!3d38.6788141!4d-106.0423906","false","","",""
"https://www.google.com/maps/place/Black+Canyon+of+the+Gunnison+National+Park/@38.574839,-107.8052121,12z/data=!3m1!4b1!4m9!1m3!11m2!2svZF8rqyVr1PDvIKJsMftdLWtTCN5QA!3e3!3m4!1s0x873f5efc49376af1:0x3f31d692b3ad8bbc!8m2!3d38.5753936!4d-107.7415961","false","","",""
"https://www.google.com/maps/place/Red+Feather+Lakes,+CO+80545/@38.986771,-107.2466578,8z/data=!4m9!1m3!11m2!2svZF8rqyVr1PDvIKJsMftdLWtTCN5QA!3e3!3m4!1s0x87691ccdab740745:0xb8321528d766f33c!8m2!3d40.802481!4d-105.5916629","false","","",""
"https://www.google.com/maps/place/Glenwood+Canyon/@39.5499812,-107.3290865,15z/data=!3m1!4b1!4m9!1m3!11m2!2svZF8rqyVr1PDvIKJsMftdLWtTCN5QA!3e3!3m4!1s0x8741099684eeb959:0x9e1d3b5e24795ceb!8m2!3d39.549982!4d-107.3203317","false","","",""
"https://www.google.com/maps/place/Grand+Mesa/@39.0666461,-107.9454883,15z/data=!3m1!4b1!4m9!1m3!11m2!2svZF8rqyVr1PDvIKJsMftdLWtTCN5QA!3e3!3m4!1s0x8740ce1dc7d6e9f3:0xb66511cd4a815288!8m2!3d39.0666469!4d-107.9367335","false","","",""
"https://www.google.com/maps/place/Chimney+Rock+National+Monument/@37.1750801,-107.3053996,17z/data=!3m1!4b1!4m9!1m3!11m2!2svZF8rqyVr1PDvIKJsMftdLWtTCN5QA!3e3!3m4!1s0x873c32c63c297a95:0x995a185ed8755072!8m2!3d37.1750801!4d-107.3032109","false","","",""
"https://www.google.com/maps/place/Independence+Pass/@39.1085513,-106.5727345,15z/data=!3m1!4b1!4m9!1m3!11m2!2svZF8rqyVr1PDvIKJsMftdLWtTCN5QA!3e3!3m4!1s0x87401f8c23d42d71:0x1431b65d1e91437f!8m2!3d39.1085522!4d-106.5639797","false","","",""
"https://www.google.com/maps/place/Chalk+Cliffs/@38.7266625,-106.2009965,15z/data=!3m1!4b1!4m9!1m3!11m2!2svZF8rqyVr1PDvIKJsMftdLWtTCN5QA!3e3!3m4!1s0x871549b1f42e6c0b:0x6784489b3b19bd10!8m2!3d38.7266633!4d-106.1922417","false","","",""
"https://www.google.com/maps/place/Picket+Wire+Canyonlands+Guided+Auto+Tour/@37.9855955,-103.5259173,17z/data=!3m1!4b1!4m9!1m3!11m2!2svZF8rqyVr1PDvIKJsMftdLWtTCN5QA!3e3!3m4!1s0x870df88da08affb7:0xcc7161b9619039e9!8m2!3d37.9855955!4d-103.5237286","false","","",""
"https://www.google.com/maps/place/Longs+Peak/@40.2548744,-105.6247843,15z/data=!3m1!4b1!4m9!1m3!11m2!2svZF8rqyVr1PDvIKJsMftdLWtTCN5QA!3e3!3m4!1s0x87696329ae762967:0xa9769b05809a8028!8m2!3d40.2548753!4d-105.6160295","false","","",""
"https://www.google.com/maps/place/Rabbit+Ears+Pass/@40.3847026,-106.6204615,15z/data=!3m1!4b1!4m9!1m3!11m2!2svZF8rqyVr1PDvIKJsMftdLWtTCN5QA!3e3!3m4!1s0x87420b4ed4726ca3:0xe70b4bd37fbda5f!8m2!3d40.3847035!4d-106.6117067","false","","",""
"https://www.google.com/maps/place/Kebler+Pass/@38.8497142,-107.109081,15z/data=!3m1!4b1!4m9!1m3!11m2!2svZF8rqyVr1PDvIKJsMftdLWtTCN5QA!3e3!3m4!1s0x8740707592c48431:0xed80d7d7673fc0e2!8m2!3d38.8497151!4d-107.1003262","false","","",""
"https://www.google.com/maps/place/Wilson+Peak/@37.8602707,-107.9935458,15z/data=!3m1!4b1!4m9!1m3!11m2!2svZF8rqyVr1PDvIKJsMftdLWtTCN5QA!3e3!3m4!1s0x873ed4426e588f77:0x727034f7518866c3!8m2!3d37.8602716!4d-107.984791","false","","",""
"https://www.google.com/maps/place/Flatirons/@39.986615,-105.3026387,15z/data=!3m1!4b1!4m9!1m3!11m2!2svZF8rqyVr1PDvIKJsMftdLWtTCN5QA!3e3!3m4!1s0x876bec66b593737d:0xffeb4194a83b6d99!8m2!3d39.9866158!4d-105.2938839","false","","",""
"https://www.google.com/maps/place/Crystal+Mill/@39.0589522,-107.1066467,17z/data=!3m1!4b1!4m9!1m3!11m2!2svZF8rqyVr1PDvIKJsMftdLWtTCN5QA!3e3!3m4!1s0x87405d34574270fd:0x19079acf7be25ce5!8m2!3d39.0589522!4d-107.104458","false","","",""
"https://www.google.com/maps/place/Shrine+Pass/@39.5472076,-106.2510026,15z/data=!3m1!4b1!4m9!1m3!11m2!2svZF8rqyVr1PDvIKJsMftdLWtTCN5QA!3e3!3m4!1s0x876a615d140dd80b:0x4cbceb962ea6ed15!8m2!3d39.5472085!4d-106.2422478","false","","",""
"https://www.google.com/maps/place/Book+Cliffs+View/@39.1040177,-108.7297037,17z/data=!3m1!4b1!4m9!1m3!11m2!2svZF8rqyVr1PDvIKJsMftdLWtTCN5QA!3e3!3m4!1s0x8746fe1c5547e70d:0x9ade61818b7ea1a8!8m2!3d39.1040177!4d-108.727515","false","","",""
"https://www.google.com/maps/place/Bridal+Veil+Falls/@37.9191602,-107.7788168,15z/data=!3m1!4b1!4m9!1m3!11m2!2svZF8rqyVr1PDvIKJsMftdLWtTCN5QA!3e3!3m4!1s0x873ed8d1510f83f5:0x96bfd6f132a4b87d!8m2!3d37.919161!4d-107.770062","false","","",""
"https://www.google.com/maps/place/Mt+Evans/@39.5882996,-105.6525834,15z/data=!3m1!4b1!4m9!1m3!11m2!2svZF8rqyVr1PDvIKJsMftdLWtTCN5QA!3e3!3m4!1s0x876ba9ca85fb4895:0xefa49d55b6cbb1b1!8m2!3d39.5883005!4d-105.6438286","false","","",""
"https://www.google.com/maps/place/Garden+of+the+Gods+Visitor+and+Nature+Center/@38.8783536,-104.8719443,17z/data=!3m1!4b1!4m9!1m3!11m2!2svZF8rqyVr1PDvIKJsMftdLWtTCN5QA!3e3!3m4!1s0x87135012b5cc9c93:0x4e9df5263bf6dab!8m2!3d38.8783536!4d-104.8697556","false","","",""
"https://www.google.com/maps/place/Grand+Lake,+CO+80447/@40.2473806,-105.8382625,14z/data=!3m1!4b1!4m9!1m3!11m2!2svZF8rqyVr1PDvIKJsMftdLWtTCN5QA!3e3!3m4!1s0x8769818358fac97d:0x8323c3b198872312!8m2!3d40.2522073!4d-105.8230671","false","","",""
"https://www.google.com/maps/place/Hanging+Lake/@39.6013991,-107.1939971,17z/data=!3m1!4b1!4m9!1m3!11m2!2svZF8rqyVr1PDvIKJsMftdLWtTCN5QA!3e3!3m4!1s0x8741a3e3d95bbe89:0xfd80367a403eeb16!8m2!3d39.6013916!4d-107.1917899","false","","",""
"https://www.google.com/maps/place/Steamboat+Rock/@40.5349629,-108.9955397,15z/data=!3m1!4b1!4m9!1m3!11m2!2svZF8rqyVr1PDvIKJsMftdLWtTCN5QA!3e3!3m4!1s0x87451a7b3a2eae49:0x5695d9a8beb6ef43!8m2!3d40.5349638!4d-108.9867849","false","","",""
"https://www.google.com/maps/place/Pawnee+Buttes/@40.8233189,-103.9806472,15z/data=!3m1!4b1!4m9!1m3!11m2!2svZF8rqyVr1PDvIKJsMftdLWtTCN5QA!3e3!3m4!1s0x876e412dfc7eb4c3:0xce00c8e1b70ea195!8m2!3d40.8233198!4d-103.9718924","false","","",""
"https://www.google.com/maps/place/Painted+Wall/@38.5808182,-107.7371465,15z/data=!3m1!4b1!4m9!1m3!11m2!2svZF8rqyVr1PDvIKJsMftdLWtTCN5QA!3e3!3m4!1s0x873f5f1b35c18893:0x92e49f754071c26d!8m2!3d38.5808191!4d-107.7283917","false","","",""
"https://www.google.com/maps/place/Sprague+Lake/@40.3201769,-105.6059146,18z/data=!3m1!4b1!4m9!1m3!11m2!2svZF8rqyVr1PDvIKJsMftdLWtTCN5QA!3e3!3m4!1s0x87697b376a524819:0x283df688480abef4!8m2!3d40.3200876!4d-105.6042337","false","","",""
"https://www.google.com/maps/place/City+Park,+Denver,+CO/@39.7455709,-104.9590393,15z/data=!3m1!4b1!4m9!1m3!11m2!2svZF8rqyVr1PDvIKJsMftdLWtTCN5QA!3e3!3m4!1s0x876c79527dc2f88f:0x409292cfbe1667d0!8m2!3d39.7437803!4d-104.9500844","false","","",""
"https://www.google.com/maps/place/Red+Rocks+Park+and+Amphitheatre/@39.6655381,-105.2074003,17z/data=!3m1!4b1!4m9!1m3!11m2!2svZF8rqyVr1PDvIKJsMftdLWtTCN5QA!3e3!3m4!1s0x876b82da0e6cc8d7:0x7c83e707392cd6ad!8m2!3d39.6655381!4d-105.2052116","false","","",""
"https://www.google.com/maps/place/Pikes+Peak/@38.8408698,-105.0510143,15z/data=!3m1!4b1!4m9!1m3!11m2!2svZF8rqyVr1PDvIKJsMftdLWtTCN5QA!3e3!3m4!1s0x8714a806033005bd:0xa67b8c79d6580c1e!8m2!3d38.8408707!4d-105.0422595","false","","",""
"https://www.google.com/maps/place/Great+Sand+Dunes+National+Park+and+Preserve/@37.7551468,-105.7521296,11z/data=!3m1!4b1!4m9!1m3!11m2!2svZF8rqyVr1PDvIKJsMftdLWtTCN5QA!3e3!3m4!1s0x87142fe61dd9cbc7:0x33d7918ad00f83d9!8m2!3d37.7275049!4d-105.6418004","false","","",""
"https://www.google.com/maps/place/Trappers+Peak/@48.6883103,-121.3314139,15z/data=!3m1!4b1!4m9!1m3!11m2!2svZF8rqyVr1PDvIKJsMftdLWtTCN5QA!3e3!3m4!1s0x5484eb10c8755d2f:0xd846675aa60d5a05!8m2!3d48.6883111!4d-121.3226592","false","","",""
"https://www.google.com/maps/place/Dallas+Divide/@38.0944349,-107.8971519,15z/data=!3m1!4b1!4m9!1m3!11m2!2svZF8rqyVr1PDvIKJsMftdLWtTCN5QA!3e3!3m4!1s0x873f2fdbf0b23a6f:0x59f963fe495e6b43!8m2!3d38.0944357!4d-107.8883971","false","","",""
"https://www.google.com/maps/place/Maroon+Lake/@39.0966445,-106.9470894,17z/data=!3m1!4b1!4m9!1m3!11m2!2svZF8rqyVr1PDvIKJsMftdLWtTCN5QA!3e3!3m4!1s0x87404059a889e6db:0x9935cddeb9e1ba75!8m2!3d39.0968784!4d-106.9450835","false","","",""
"https://www.google.com/maps/place/Burney+Falls/@41.0120572,-121.6605344,15z/data=!3m1!4b1!4m9!1m3!11m2!2szjJZ6Y2THZ-AHQYF_JTKYWn2_Rx-iw!3e3!3m4!1s0x54cda79191802799:0x605002b233078792!8m2!3d41.012058!4d-121.6517796","false","","",""
"https://www.google.com/maps/place/Big+Sur,+CA/@36.3315262,-121.9582603,11z/data=!3m1!4b1!4m9!1m3!11m2!2stUhyS-jwUBA9WWAMEHxMsyqbvQn-PQ!3e3!3m4!1s0x808de8a7780e4d77:0x37e8d859caefac61!8m2!3d36.2704233!4d-121.8080556","false","","",""
"https://www.google.com/maps/place/Yosemite+National+Park/@37.8529772,-119.8312825,10z/data=!3m1!4b1!4m9!1m3!11m2!2stUhyS-jwUBA9WWAMEHxMsyqbvQn-PQ!3e3!3m4!1s0x8096f09df58aecc5:0x2d249c2ced8003fe!8m2!3d37.8651011!4d-119.5383294","false","","",""
"https://www.google.com/maps/place/Vaillancourt+Fountain/@37.7954828,-122.397547,17z/data=!3m1!4b1!4m9!1m3!11m2!2stUhyS-jwUBA9WWAMEHxMsyqbvQn-PQ!3e3!3m4!1s0x80858066ce5f0acd:0x1ea4d0159aa74674!8m2!3d37.7954828!4d-122.3953583","false","","",""
"https://www.google.com/maps/place/The+Palace+Of+Fine+Arts/@37.8020068,-122.4507942,17z/data=!3m1!4b1!4m9!1m3!11m2!2stUhyS-jwUBA9WWAMEHxMsyqbvQn-PQ!3e3!3m4!1s0x808586d510144681:0xe960db8a581aacf5!8m2!3d37.8020068!4d-122.4486055","false","","",""
"https://www.google.com/maps/place/PIER+39/@37.808673,-122.4120097,17z/data=!3m1!4b1!4m9!1m3!11m2!2stUhyS-jwUBA9WWAMEHxMsyqbvQn-PQ!3e3!3m4!1s0x808580fc8bb3211d:0xbaf631600de6b39e!8m2!3d37.808673!4d-122.409821","false","","",""
"https://www.google.com/maps/place/Pier+7,+San+Francisco,+CA+94105/@37.7986599,-122.399004,17z/data=!3m1!4b1!4m9!1m3!11m2!2stUhyS-jwUBA9WWAMEHxMsyqbvQn-PQ!3e3!3m4!1s0x8085805de178a221:0xb02b452f24cb72bc!8m2!3d37.7986599!4d-122.3968153","false","","",""
"https://www.google.com/maps/place/Lands+End+Labyrinth/@37.7880222,-122.5080165,17z/data=!3m1!4b1!4m9!1m3!11m2!2stUhyS-jwUBA9WWAMEHxMsyqbvQn-PQ!3e3!3m4!1s0x8085864dd1605f35:0x9536fe6d1540ff8a!8m2!3d37.7880222!4d-122.5058278","false","","",""
"https://www.google.com/maps/place/Marin+Headlands/@37.8261694,-122.5018884,17z/data=!3m1!4b1!4m9!1m3!11m2!2stUhyS-jwUBA9WWAMEHxMsyqbvQn-PQ!3e3!3m4!1s0x80858584d2ebcbdb:0xade4ca2ec239d476!8m2!3d37.8261694!4d-122.4996997","false","","",""
"https://www.google.com/maps/place/Point+Bonita+Lighthouse/@37.8156478,-122.5317323,17z/data=!3m1!4b1!4m9!1m3!11m2!2stUhyS-jwUBA9WWAMEHxMsyqbvQn-PQ!3e3!3m4!1s0x808585fdbd694e49:0xf3cd0c79c28533b8!8m2!3d37.8156478!4d-122.5295436","false","","",""
"https://www.google.com/maps/place/Golden+Gate+Bridge+Vista+Point/@37.8077868,-122.4839555,15z/data=!3m1!4b1!4m9!1m3!11m2!2stUhyS-jwUBA9WWAMEHxMsyqbvQn-PQ!3e3!3m4!1s0x808586ec0636bb65:0xfd29c84f7e83d613!8m2!3d37.8077876!4d-122.4752007","false","","",""
"https://www.google.com/maps/place/Battery+Spencer/@37.8277417,-122.483849,17z/data=!3m1!4b1!4m9!1m3!11m2!2stUhyS-jwUBA9WWAMEHxMsyqbvQn-PQ!3e3!3m4!1s0x80858682bf7bd5e3:0x895d436665f57085!8m2!3d37.8277417!4d-122.4816603","false","","",""
"https://www.google.com/maps/place/Baker+Beach/@37.7938842,-122.4875017,17z/data=!3m1!4b1!4m9!1m3!11m2!2stUhyS-jwUBA9WWAMEHxMsyqbvQn-PQ!3e3!3m4!1s0x808586fc8b40f8a7:0x8b3d6b4d7dc0d519!8m2!3d37.7935724!4d-122.483638","false","","",""
